Team,AdjDP,AwardsAdj,TotalDP,AwardsTotal,Playoff,BestPlayoff,Alliance,BestAlliance,Qual,BestQual,AdjPlayoff,AdjAlliance,AdjQual,Awards,AdjAwards,NumEvents
1023,67.31800899612861,70.90521305554365,145.25,152.99,60.0,30,36.07,16,49.18,24,16.71711245776495,27.807783406318187,22.793113132045473,7.74,3.5872040594150465,3
1189,21.545027233536036,21.545027233536036,35,35,10,10,2,2,23,13,1.2311444133449163,6.155722066724581,14.158160753466538,0,0.0,2
123,46.77501324251089,46.77501324251089,123.44,123.44,30.0,20,35.0,15,58.44,22,13.262519956965985,11.367874248827986,22.144619036716918,0.0,0.0,4
1504,41.22967353043443,43.54698881429428,88.96000000000001,93.96000000000001,30.0,20,23.0,12,35.96,17,10.659650305755305,13.903891703159093,16.666131521520036,5.0,2.317315283859849,3
1701,22.246226725054548,22.246226725054548,48,48,0,0,18,9,30,13,8.342335021895456,0.0,13.903891703159093,0,0.0,3
201,28.475170208069823,29.40209632161376,61.44,63.44,10.0,10,23.0,13,28.439999999999998,13,10.659650305755305,4.634630567719698,13.18088933459482,2.0,0.9269261135439396,3
217,45.020801334829144,49.19196884577687,97.14,106.14,30.0,20,33.7,15,33.44,16,15.618705013215385,13.903891703159093,15.49820461845467,9.0,4.171167510947728,3
2224,19.082738406846204,20.31388282019112,31,33,0,0,6,6,25,15,3.693433240034749,0.0,15.389305166811454,2,1.2311444133449163,2
2591,34.03672688933346,34.37968955134471,73.44,74.17999999999999,10.0,10,25.0,13,38.44,18,11.586576419299245,4.634630567719698,17.815519902314517,0.74,0.34296266201125764,3
2611,19.69831061351866,19.69831061351866,32,32,10,10,4,4,18,10,2.4622888266898326,6.155722066724581,11.080299720104247,0,0.0,2
2620,33.24089916031274,33.24089916031274,54,54,30,30,6,5,18,10,3.693433240034749,18.467166200173743,11.080299720104247,0,0.0,2
2673,25.238460473570786,28.316321506933075,41,46,0,0,15,15,26,18,9.233583100086872,0.0,16.00487737348391,5,3.0778610333622907,2
2676,9.84915530675933,9.84915530675933,16,16,0,0,0,0,16,10,0.0,0.0,9.84915530675933,0,0.0,2
280,21.545027233536036,27.08517709358816,35,44,0,0,13,8,22,12,8.002438686741955,0.0,13.542588546794079,9,5.540149860052123,2
2832,20.92945502686358,27.08517709358816,34,44,10,10,3,3,21,12,1.8467166200173746,6.155722066724581,12.927016340121622,10,6.155722066724581,2
2960,24.62288826689833,24.62288826689833,40,40,0,0,18,11,22,12,11.080299720104247,0.0,13.542588546794079,0,0.0,2
3002,12.311444133449164,12.311444133449164,20,20,0,0,0,0,20,12,0.0,0.0,12.311444133449163,0,0.0,2
3096,20.92945502686358,20.92945502686358,34,34,10,10,4,4,20,14,2.4622888266898326,6.155722066724581,12.311444133449163,0,0.0,2
3115,17.851593993501286,19.082738406846204,29,31,0,0,9,9,20,14,5.540149860052123,0.0,12.311444133449163,2,1.2311444133449163,2
313,24.62288826689833,24.62288826689833,40,40,20,20,6,6,14,8,3.693433240034749,12.311444133449163,8.618010893414414,0,0.0,2
314,37.779235420271675,38.53709370352687,99.7,101.7,10.0,10,38.0,15,51.7,16,14.399307381848782,3.7892914162759954,19.5906366221469,2.0,0.7578582832551991,4
3175,34.47204357365766,34.47204357365766,56,56,30,30,6,5,20,10,3.693433240034749,18.467166200173743,12.311444133449163,0,0.0,2
322,8.618010893414414,8.618010893414414,14,14,0,0,0,0,14,8,0.0,0.0,8.618010893414414,0,0.0,2
326,20.92945502686358,24.007316060225868,34,39,0,0,14,14,20,18,8.618010893414414,0.0,12.311444133449163,5,3.0778610333622907,2
3538,27.909745278808018,27.909745278808018,60.22,60.22,20.0,20,11.0,11,29.22,16,5.098093624491668,9.269261135439397,13.542390518876957,0.0,0.0,3
3547,29.661635633406064,32.905877030809854,64,71,0,0,23,13,41,15,10.659650305755305,0.0,19.00198532765076,7,3.2442413974037887,3
3605,12.311444133449164,12.311444133449164,20,20,0,0,0,0,20,10,0.0,0.0,12.311444133449163,0,0.0,2
3619,7.386866480069498,7.386866480069498,12,12,0,0,0,0,12,10,0.0,0.0,7.386866480069498,0,0.0,2
3632,11.080299720104247,11.080299720104247,18,18,0,0,0,0,18,12,0.0,0.0,11.080299720104247,0,0.0,2
3706,11.080299720104247,11.080299720104247,18,18,0,0,0,0,18,10,0.0,0.0,11.080299720104247,0,0.0,2
3769,11.695871926776706,11.695871926776706,19,19,0,0,0,0,19,13,0.0,0.0,11.695871926776706,0,0.0,2
4002,31.39418254029537,33.8564713669852,51,55,10,10,14,14,27,18,8.618010893414414,6.155722066724581,16.62044958015637,4,2.4622888266898326,2
4380,12.927016340121622,15.389305166811454,21,25,0,0,0,0,21,12,0.0,0.0,12.927016340121622,4,2.4622888266898326,2
453,33.24089916031274,33.24089916031274,54,54,10,10,17,14,27,18,10.46472751343179,6.155722066724581,16.62044958015637,0,0.0,2
469,87.5932603786359,93.97821641506096,231.16,248.01,101.1,30,53.92,16,76.14,24,20.431859316560168,38.30973621855031,28.85166484352543,16.85,6.384956036425053,4
51,43.04644871298055,47.14809676541248,92.88,101.72999999999999,20.0,10,33.7,15,39.18,18,15.618705013215385,9.269261135439397,18.158482564325777,8.85,4.1016480524319325,3
519,12.311444133449164,12.311444133449164,20,20,0,0,0,0,20,12,0.0,0.0,12.311444133449163,0,0.0,2
815,27.700749300260618,27.700749300260618,45,45,0,0,20,12,25,15,12.311444133449163,0.0,15.389305166811454,0,0.0,2
818,8.002438686741955,11.080299720104247,13,18,0,0,0,0,13,8,0.0,0.0,8.002438686741955,5,3.0778610333622907,2
94,15.389305166811454,15.389305166811454,25,25,0,0,3,3,22,12,1.8467166200173746,0.0,13.542588546794079,0,0.0,2
1243,32.00975474696782,32.00975474696782,52,52,10,10,20,15,22,14,12.311444133449163,6.155722066724581,13.542588546794079,0,0.0,2
1322,25.854032680243243,28.316321506933075,42,46,0,0,18,9,24,14,11.080299720104247,0.0,14.773732960138997,4,2.4622888266898326,2
1502,24.007316060225868,27.08517709358816,39,44,10,10,9,7,20,12,5.540149860052123,6.155722066724581,12.311444133449163,5,3.0778610333622907,2
1506,10.46472751343179,10.46472751343179,17,17,0,0,0,0,17,10,0.0,0.0,10.46472751343179,0,0.0,2
1684,40.1637084998589,42.48102378371875,86.66,91.66,20.0,10,32.22,15,34.44,16,14.932779689192866,9.269261135439397,15.96166767522664,5.0,2.317315283859849,3
1711,38.207894400281184,40.52520968414104,82.44,87.44,20.0,20,24.0,13,38.44,18,11.123113362527276,9.269261135439397,17.815519902314517,5.0,2.317315283859849,3
2137,31.612815102416054,31.95577776442731,68.21,68.94999999999999,13.7,10,24.11,14,30.4,20,11.174094298772191,6.349443877775986,14.089276925867882,0.74,0.34296266201125764,3
2337,52.83015384143684,57.27476455588003,113.99000000000001,123.58000000000001,40.0,30,35.07,16,38.92,17,16.25364940099298,18.538522270878794,18.037982169565066,9.59,4.444610714443191,3
2604,24.62288826689833,27.700749300260618,40,45,20,20,2,2,18,10,1.2311444133449163,12.311444133449163,11.080299720104247,5,3.0778610333622907,2
2627,18.467166200173747,18.467166200173747,30,30,0,0,9,9,21,11,5.540149860052123,0.0,12.927016340121622,0,0.0,2
302,23.738577767860292,27.840225820292225,51.22,60.07,0.0,0,22.0,14,29.22,17,10.196187248983335,0.0,13.542390518876957,8.85,4.1016480524319325,3
33,51.472207085094965,53.78952236895481,111.06,116.06,43.7,30,33.18,16,34.18,15,15.377704223693957,20.253335580935083,15.841167280465928,5.0,2.317315283859849,3
3302,22.776171646880954,24.007316060225868,37,39,0,0,12,6,25,14,7.386866480069498,0.0,15.389305166811454,2,1.2311444133449163,2
3322,58.924693037988234,63.09586054893596,127.14,136.14,50.0,30,32.96,16,44.18,20,15.275742351204125,23.17315283859849,20.475797848185625,9.0,4.171167510947728,3
3415,11.695871926776706,14.773732960138997,19,24,0,0,0,0,19,15,0.0,0.0,11.695871926776706,5,3.0778610333622907,2
3421,10.46472751343179,13.54258854679408,17,22,0,0,0,0,17,10,0.0,0.0,10.46472751343179,5,3.0778610333622907,2
3534,28.316321506933075,31.39418254029537,46,51,10,10,13,13,23,16,8.002438686741955,6.155722066724581,14.158160753466538,5,3.0778610333622907,2
3535,14.158160753466538,14.158160753466538,23,23,0,0,7,7,16,10,4.309005446707207,0.0,9.84915530675933,0,0.0,2
3536,19.082738406846204,22.160599440208493,31,36,0,0,10,10,21,13,6.155722066724581,0.0,12.927016340121622,5,3.0778610333622907,2
3537,33.350801565310945,34.27772767885489,71.96000000000001,73.96000000000001,10.0,10,27.0,14,34.96,18,12.513502532843185,4.634630567719698,16.202668464748065,2.0,0.9269261135439396,3
3568,27.44628222203605,28.303688877064193,59.22,61.07,10.0,10,12.0,12,37.22,21,5.561556681263638,4.634630567719698,17.250094973052715,1.85,0.8574066550281442,3
3601,31.61744973298378,31.61744973298378,68.22,68.22,40.0,20,5.0,3,23.22,12,2.317315283859849,18.538522270878794,10.761612178245139,0.0,0.0,3
4294,36.780428185423524,40.24713185007786,79.36,86.84,30.0,30,15.44,12,33.92,16,7.155869596559214,13.903891703159093,15.720666885705217,7.48,3.4667036646543345,3
4376,12.311444133449164,13.54258854679408,20,22,0,0,0,0,20,11,0.0,0.0,12.311444133449163,2,1.2311444133449163,2
4382,14.773732960138997,16.00487737348391,24,26,0,0,0,0,24,14,0.0,0.0,14.773732960138997,2,1.2311444133449163,2
468,11.080299720104247,12.311444133449164,18,20,0,0,0,0,18,12,0.0,0.0,11.080299720104247,2,1.2311444133449163,2
494,27.42774369976517,30.671985097168964,59.18,66.18,0.0,0,24.0,13,35.18,16,11.123113362527276,0.0,16.3046303372379,7.0,3.2442413974037887,3
70,37.002890452674066,37.002890452674066,79.84,79.84,13.7,10,28.48,16,37.66,18,13.1994278568657,6.349443877775986,17.45401871803238,0.0,0.0,3
703,32.62532695364028,32.62532695364028,53,53,20,20,15,11,18,12,9.233583100086872,12.311444133449163,11.080299720104247,0,0.0,2
862,46.23970917413942,49.48395057154321,99.77,106.77,40.0,20,24.33,14,35.44,18,11.276056171262024,18.538522270878794,16.42513073199861,7.0,3.2442413974037887,3
894,19.69831061351866,19.69831061351866,32,32,10,10,2,2,20,12,1.2311444133449163,6.155722066724581,12.311444133449163,0,0.0,2
1025,40.28420889461962,40.28420889461962,86.92,86.92,30.0,20,23.0,13,33.92,16,10.659650305755305,13.903891703159093,15.720666885705217,0.0,0.0,3
107,34.74119073562686,35.6681168491708,74.96000000000001,76.96000000000001,10.0,10,29.0,16,35.96,17,13.440428646387124,4.634630567719698,16.666131521520036,2.0,0.9269261135439396,3
141,31.737950127744494,34.98219152514828,68.48,75.48,30.0,30,10.0,7,28.48,15,4.634630567719698,13.903891703159093,13.1994278568657,7.0,3.2442413974037887,3
1718,34.65313275484018,35.58005886838412,74.77,76.77,10.0,10,29.33,16,35.44,17,13.593371455121874,4.634630567719698,16.42513073199861,2.0,0.9269261135439396,3
1918,61.072009756120224,63.72451374751342,161.17000000000002,168.17000000000002,63.7,30,46.81,16,50.66,18,17.737673119587935,24.137786321678092,19.196550314854193,7.0,2.6525039913931967,4
2000,22.10718780802296,26.741818375742657,47.7,57.7,0.0,0,18.0,11,29.7,14,8.342335021895456,0.0,13.764852786127502,10.0,4.634630567719698,3
2054,54.85085276896262,57.168168052822466,118.35,123.35,47.4,30,35.55,16,35.4,20,16.476111668243526,21.96814889099137,16.40659220972773,5.0,2.317315283859849,3
2246,25.00846654341549,28.595670602830538,53.96,61.7,10.0,10,15.0,11,28.96,14,6.951945851579547,4.634630567719698,13.421890124116246,7.74,3.5872040594150465,3
226,27.44628222203605,29.7635975058959,59.22,64.22,10.0,10,15.0,10,34.22,16,6.951945851579547,4.634630567719698,15.859705802736807,5.0,2.317315283859849,3
240,27.789244884047307,27.789244884047307,59.96,59.96,10.0,10,15.0,11,34.96,20,6.951945851579547,4.634630567719698,16.202668464748065,0.0,0.0,3
245,30.05094460109452,36.81287059939756,64.84,79.43,7.4,20,21.740000000000002,11,35.7,18,10.075686854222624,3.4296266201125767,16.545631126759325,14.59,6.761925998303039,3
247,43.46317254468567,44.97888911119607,114.7,118.7,20.0,10,31.0,15,63.7,21,11.746803390455586,7.578582832551991,24.137786321678092,4.0,1.5157165665103982,4
2474,60.48466958659744,66.16860671101144,159.62,174.62,50.0,30,50.44,16,59.18,18,19.11318590369612,18.94645708137998,22.425026601521342,15.0,5.683937124413993,4
2586,27.54824409452588,27.54824409452588,59.44,59.44,10.0,10,16.0,15,33.44,18,7.415408908351517,4.634630567719698,15.49820461845467,0.0,0.0,3
27,44.696377195088765,44.696377195088765,96.44,96.44,30.0,20,26.0,14,40.44,18,12.050039476071214,13.903891703159093,18.74244601585846,0.0,0.0,3
2767,55.391861923122505,61.77681795954755,146.18,163.03,50.0,30,39.0,14,57.18,18,14.778236523476382,18.94645708137998,21.667168318266143,16.85,6.384956036425053,4
2834,42.036099249217656,47.134192873709324,90.7,101.7,30.0,20,26.0,14,34.7,18,12.050039476071214,13.903891703159093,16.082168069987354,11.0,5.098093624491668,3
2851,36.28452271467751,37.21144882822145,78.28999999999999,80.28999999999999,30.0,30,16.59,13,31.7,16,7.688852111846979,13.903891703159093,14.691778899671442,2.0,0.9269261135439396,3
2959,33.230301170550234,37.86493173826993,71.7,81.7,20.0,20,22.0,14,29.7,14,10.196187248983335,9.269261135439397,13.764852786127502,10.0,4.634630567719698,3
308,26.38031719146052,28.69763247532037,56.92,61.92,20.0,20,11.0,11,25.92,16,5.098093624491668,9.269261135439397,12.012962431529457,5.0,2.317315283859849,3
3098,47.18053917938652,50.42478057679031,101.8,108.8,23.7,20,34.18,15,43.92,20,15.841167280465928,10.984074445495684,20.355297453424914,7.0,3.2442413974037887,3
3234,46.36020956890014,50.994840136619835,100.03,110.03,30.0,30,31.85,15,38.18,18,14.761298358187238,13.903891703159093,17.695019507553805,10.0,4.634630567719698,3
3509,27.267741031522064,27.267741031522064,71.96000000000001,71.96000000000001,30.0,30,11.0,9,30.96,14,4.168220557903595,11.367874248827986,11.731646224790483,0.0,0.0,4
3539,27.77070636177643,32.40533692949613,59.92,69.92,10.0,10,16.0,13,33.92,16,7.415408908351517,4.634630567719698,15.720666885705217,10.0,4.634630567719698,3
3546,45.736747394451264,45.736747394451264,120.7,120.7,40.0,30,35.0,14,45.7,16,13.262519956965985,15.157165665103982,17.3170617723813,0.0,0.0,4
3572,27.54824409452588,28.475170208069823,59.44,61.44,20.0,20,11.0,6,28.439999999999998,12,5.098093624491668,9.269261135439397,13.18088933459482,2.0,0.9269261135439396,3
3617,32.64633771901755,32.64633771901755,70.44,70.44,30.0,30,15.0,12,25.439999999999998,13,6.951945851579547,13.903891703159093,11.79050016427891,0.0,0.0,3
3618,36.81750522996528,41.452135797684974,79.44,89.44,10.0,10,26.0,14,43.44,22,12.050039476071214,4.634630567719698,20.13283518617437,10.0,4.634630567719698,3
3620,31.0334862814511,31.0334862814511,66.96000000000001,66.96000000000001,10.0,10,22.0,13,34.96,16,10.196187248983335,4.634630567719698,16.202668464748065,0.0,0.0,3
3656,38.207894400281184,38.207894400281184,82.44,82.44,40.0,30,14.0,13,28.439999999999998,14,6.488482794807577,18.538522270878794,13.18088933459482,0.0,0.0,3
4003,46.8931920841879,48.747044311275786,101.18,105.18,40.0,30,25.0,15,36.18,19,11.586576419299245,18.538522270878794,16.768093394009867,4.0,1.8538522270878792,3
4130,9.269261135439395,9.269261135439395,20.0,20.0,0.0,0,0.0,0,20.0,10,0.0,0.0,9.269261135439397,0.0,0.0,3
503,20.25333558093508,22.570650864794928,43.7,48.7,0.0,0,20.0,11,23.7,14,9.269261135439397,0.0,10.984074445495684,5.0,2.317315283859849,3
548,60.99637290175894,63.31368818561879,131.60999999999999,136.60999999999999,57.4,30,36.55,16,37.66,18,16.939574725015493,26.602779458711066,17.45401871803238,5.0,2.317315283859849,3
573,45.377667888543556,45.377667888543556,97.91,97.91,23.7,20,28.81,15,45.4,20,13.35237066560045,10.984074445495684,21.041222777447427,0.0,0.0,3
66,28.306006879581687,28.306006879581687,74.7,74.7,20.0,20,20.0,8,34.7,12,7.578582832551991,7.578582832551991,13.148841214477706,0.0,0.0,4
67,85.51672868251667,91.90168471894172,225.68,242.53,101.1,30,53.92,16,70.66,24,20.431859316560168,38.30973621855031,26.775133147406184,16.85,6.384956036425053,4
830,32.40070229892841,32.40070229892841,69.91,69.91,21.1,30,22.369999999999997,13,26.439999999999998,12,10.367668579988964,9.779070497888563,12.253963221050881,0.0,0.0,3
85,53.98417685279904,54.91110296634298,116.48,118.48,50.0,30,28.0,16,38.480000000000004,21,12.976965589615155,23.17315283859849,17.8340584245854,2.0,0.9269261135439396,3
858,35.6681168491708,35.6681168491708,76.96000000000001,76.96000000000001,20.0,10,20.0,10,36.96,18,9.269261135439397,9.269261135439397,17.129594578292004,0.0,0.0,3
904,33.23208572074048,33.98994400399568,87.7,89.7,10.0,10,28.0,11,49.7,16,10.610015965572787,3.7892914162759954,18.8327783388917,2.0,0.7578582832551991,4
1076,30.16303812695045,30.16303812695045,49,49,0,0,21,12,28,16,12.927016340121622,0.0,17.23602178682883,0,0.0,2
1596,16.62044958015637,16.62044958015637,27,27,0,0,0,0,27,14,0.0,0.0,16.62044958015637,0,0.0,2
1896,8.002438686741955,8.002438686741955,13,13,0,0,0,0,13,7,0.0,0.0,8.002438686741955,0,0.0,2
2075,29.661635633406064,29.661635633406064,64,64,0,0,21,9,43,20,9.732724192211366,0.0,19.928911441194703,0,0.0,3
2145,12.927016340121622,12.927016340121622,21,21,0,0,0,0,21,14,0.0,0.0,12.927016340121622,0,0.0,2
2153,8.618010893414414,8.618010893414414,14,14,0,0,0,0,14,7,0.0,0.0,8.618010893414414,0,0.0,2
2245,8.618010893414414,11.695871926776706,14,19,0,0,0,0,14,11,0.0,0.0,8.618010893414414,5,3.0778610333622907,2
3357,49.86134874046911,54.17035418717632,81,88,20,20,26,13,35,18,16.00487737348391,12.311444133449163,21.545027233536036,7,4.309005446707207,2
3602,25.854032680243243,25.854032680243243,42,42,10,10,11,10,21,12,6.771294273397039,6.155722066724581,12.927016340121622,0,0.0,2
3603,10.46472751343179,10.46472751343179,17,17,0,0,0,0,17,10,0.0,0.0,10.46472751343179,0,0.0,2
3639,12.311444133449164,12.311444133449164,20,20,0,0,0,0,20,10,0.0,0.0,12.311444133449163,0,0.0,2
3688,10.46472751343179,10.46472751343179,17,17,0,0,0,0,17,12,0.0,0.0,10.46472751343179,0,0.0,2
3767,9.84915530675933,9.84915530675933,16,16,0,0,0,0,16,10,0.0,0.0,9.84915530675933,0,0.0,2
3772,11.0,11.0,11,11,0,0,0,0,11,11,0.0,0.0,11.0,0,0.0,1
4363,26.0,26.0,26,26,0,0,12,12,14,14,12.0,0.0,14.0,0,0.0,1
4375,13.54258854679408,13.54258854679408,22,22,0,0,0,0,22,12,0.0,0.0,13.542588546794079,0,0.0,2
4377,28.931893713605536,30.16303812695045,47,49,10,10,13,13,24,18,8.002438686741955,6.155722066724581,14.773732960138997,2,1.2311444133449163,2
4391,24.007316060225868,24.007316060225868,39,39,20,20,4,4,15,8,2.4622888266898326,12.311444133449163,9.233583100086872,0,0.0,2
4392,24.007316060225868,24.007316060225868,39,39,10,10,3,3,26,14,1.8467166200173746,6.155722066724581,16.00487737348391,0,0.0,2
4398,20.92945502686358,22.160599440208493,34,36,0,0,6,6,28,16,3.693433240034749,0.0,17.23602178682883,2,1.2311444133449163,2
74,12.311444133449164,12.311444133449164,20,20,0,0,4,4,16,8,2.4622888266898326,0.0,9.84915530675933,0,0.0,2
835,27.700749300260618,27.700749300260618,45,45,0,0,17,12,28,16,10.46472751343179,0.0,17.23602178682883,0,0.0,2
857,14.773732960138997,14.773732960138997,24,24,0,0,2,2,22,12,1.2311444133449163,0.0,13.542588546794079,0,0.0,2
1677,27.08517709358816,27.08517709358816,44,44,20,20,1,1,23,13,0.6155722066724582,12.311444133449163,14.158160753466538,0,0.0,2
216,29.547465920277993,29.547465920277993,48,48,10,10,12,12,26,16,7.386866480069498,6.155722066724581,16.00487737348391,0,0.0,2
2405,20.92945502686358,23.39174385355341,34,38,10,10,11,9,13,8,6.771294273397039,6.155722066724581,8.002438686741955,4,2.4622888266898326,2
244,28.931893713605536,32.00975474696782,47,52,30,30,1,1,16,8,0.6155722066724582,18.467166200173743,9.84915530675933,5,3.0778610333622907,2
2771,9.269261135439395,11.123113362527274,20,24,0,0,0,0,20,8,0.0,0.0,9.269261135439397,4,1.8538522270878792,3
288,27.08517709358816,30.16303812695045,44,49,10,10,12,11,22,12,7.386866480069498,6.155722066724581,13.542588546794079,5,3.0778610333622907,2
3458,7.386866480069498,7.386866480069498,12,12,0,0,0,0,12,6,0.0,0.0,7.386866480069498,0,0.0,2
3570,19.082738406846204,20.31388282019112,31,33,0,0,12,12,19,10,7.386866480069498,0.0,11.695871926776706,2,1.2311444133449163,2
3640,9.233583100086873,9.233583100086873,15,15,0,0,0,0,15,11,0.0,0.0,9.233583100086872,0,0.0,2
3658,10.46472751343179,10.46472751343179,17,17,0,0,0,0,17,10,0.0,0.0,10.46472751343179,0,0.0,2
3875,13.54258854679408,13.54258854679408,22,22,0,0,0,0,22,12,0.0,0.0,13.542588546794079,0,0.0,2
4004,25.238460473570786,26.4696048869157,41,43,0,0,19,11,22,12,11.695871926776706,0.0,13.542588546794079,2,1.2311444133449163,2
4327,17.851593993501286,17.851593993501286,29,29,10,10,0,0,19,12,0.0,6.155722066724581,11.695871926776706,0,0.0,2
4337,16.62044958015637,24.007316060225868,27,39,0,0,13,13,14,10,8.002438686741955,0.0,8.618010893414414,12,7.386866480069498,2
4368,24.62288826689833,24.62288826689833,40,40,20,20,3,3,17,9,1.8467166200173746,12.311444133449163,10.46472751343179,0,0.0,2
910,30.778610333622908,30.778610333622908,50,50,20,20,12,7,18,10,7.386866480069498,12.311444133449163,11.080299720104247,0,0.0,2
1254,18.467166200173747,18.467166200173747,30,30,0,0,7,7,23,13,4.309005446707207,0.0,14.158160753466538,0,0.0,2
1528,12.311444133449164,14.773732960138997,20,24,0,0,0,0,20,10,0.0,0.0,12.311444133449163,4,2.4622888266898326,2
1940,19.69831061351866,19.69831061351866,32,32,0,0,10,8,22,12,6.155722066724581,0.0,13.542588546794079,0,0.0,2
3452,16.00487737348391,20.31388282019112,26,33,0,0,6,6,20,12,3.693433240034749,0.0,12.311444133449163,7,4.309005446707207,2
4237,15.389305166811454,15.389305166811454,25,25,0,0,5,5,20,10,3.0778610333622907,0.0,12.311444133449163,0,0.0,2
4325,9.233583100086873,10.46472751343179,15,17,0,0,0,0,15,8,0.0,0.0,9.233583100086872,2,1.2311444133449163,2
4352,12.0,12.0,12,12,0,0,12,12,0,0,12.0,0.0,0.0,0,0.0,1
4362,20.92945502686358,20.92945502686358,34,34,0,0,10,10,24,14,6.155722066724581,0.0,14.773732960138997,0,0.0,2
4381,16.62044958015637,16.62044958015637,27,27,10,10,0,0,17,14,0.0,6.155722066724581,10.46472751343179,0,0.0,2
4389,11.080299720104247,14.158160753466538,18,23,0,0,0,0,18,14,0.0,0.0,11.080299720104247,5,3.0778610333622907,2
4408,9.84915530675933,11.080299720104247,16,18,0,0,0,0,16,8,0.0,0.0,9.84915530675933,2,1.2311444133449163,2
4409,17.23602178682883,17.23602178682883,28,28,0,0,9,9,19,13,5.540149860052123,0.0,11.695871926776706,0,0.0,2
102,11.123113362527274,11.123113362527274,24.0,24.0,0.0,0,0.0,0,24.0,12,0.0,0.0,11.123113362527276,0.0,0.0,3
1089,31.682334560931853,32.02529722294311,68.36,69.1,0.0,0,32.18,16,36.18,20,14.914241166921988,0.0,16.768093394009867,0.74,0.34296266201125764,3
11,31.047390173154252,35.02853783082548,66.99,75.58,10.0,10,25.81,15,31.18,16,11.96198149528454,4.634630567719698,14.450778110150019,8.59,3.9811476576712206,3
1143,28.316321506933075,28.316321506933075,46,46,0,0,19,11,27,16,11.695871926776706,0.0,16.62044958015637,0,0.0,2
1168,28.83667139235196,28.83667139235196,62.22,62.22,10.0,10,22.0,13,30.22,16,10.196187248983335,4.634630567719698,14.005853575648928,0.0,0.0,3
1228,29.547465920277993,29.547465920277993,48,48,0,0,21,11,27,14,12.927016340121622,0.0,16.62044958015637,0,0.0,2
1279,42.6339665924535,43.56089270599744,91.99,93.99,23.7,10,26.85,13,41.44,19,12.44398307432739,10.984074445495684,19.205909072630426,2.0,0.9269261135439396,3
1302,36.576504440443856,39.75122637933185,78.92,85.77,10.0,10,26.0,15,42.92,20,12.050039476071214,4.634630567719698,19.891834396652946,6.85,3.174721938887993,3
136,7.386866480069498,7.386866480069498,12,12,0,0,0,0,12,8,0.0,0.0,7.386866480069498,0,0.0,2
1367,21.545027233536036,21.545027233536036,35,35,0,0,9,9,26,14,5.540149860052123,0.0,16.00487737348391,0,0.0,2
1370,40.988672740913,40.988672740913,88.44,88.44,50.0,30,9.0,8,29.439999999999998,16,4.171167510947728,23.17315283859849,13.64435239136679,0.0,0.0,3
1403,53.03871221698422,57.67334278470392,114.44,124.44,40.0,20,31.48,16,42.96,22,14.58981702718161,18.538522270878794,19.910372918923823,10.0,4.634630567719698,3
1626,20.33675893115403,22.654074215013882,43.879999999999995,48.879999999999995,13.7,10,7.22,6,22.96,14,3.3462032698936217,6.349443877775986,10.641111783484428,5.0,2.317315283859849,3
1672,19.910372918923823,19.910372918923823,42.96,42.96,10.0,10,4.0,4,28.96,14,1.8538522270878792,4.634630567719698,13.421890124116246,0.0,0.0,3
1676,56.22733804757538,61.788894728839004,121.32000000000001,133.32,43.7,30,35.44,16,42.18,22,16.42513073199861,20.253335580935083,19.548871734641686,12.0,5.561556681263638,3
1811,25.249467332936916,26.176393446480855,54.480000000000004,56.480000000000004,20.0,10,4.0,2,30.48,18,1.8538522270878792,9.269261135439397,14.12635397040964,2.0,0.9269261135439396,3
1881,9.233583100086873,10.46472751343179,15,17,0,0,0,0,15,10,0.0,0.0,9.233583100086872,2,1.2311444133449163,2
1989,8.618010893414414,11.695871926776706,14,19,0,0,0,0,14,8,0.0,0.0,8.618010893414414,5,3.0778610333622907,2
2016,53.840503305199725,57.08474470260351,116.16999999999999,123.16999999999999,47.4,20,30.59,14,38.18,17,14.177334906654556,21.96814889099137,17.695019507553805,7.0,3.2442413974037887,3
203,18.467166200173747,20.92945502686358,30,34,10,10,0,0,20,14,0.0,6.155722066724581,12.311444133449163,4,2.4622888266898326,2
219,18.467166200173747,21.545027233536036,30,35,10,10,2,2,18,10,1.2311444133449163,6.155722066724581,11.080299720104247,5,3.0778610333622907,2
223,20.71679863770705,21.64372475125099,44.7,46.7,0.0,0,17.0,10,27.7,12,7.878871965123487,0.0,12.837926672583563,2.0,0.9269261135439396,3
224,39.47683797476332,39.47683797476332,104.18,104.18,20.0,10,37.0,15,47.18,20,14.020378240221184,7.578582832551991,17.877876901990145,0.0,0.0,4
2458,14.773732960138997,14.773732960138997,24,24,0,0,0,0,24,14,0.0,0.0,14.773732960138997,0,0.0,2
2554,8.618010893414414,8.618010893414414,14,14,0,0,0,0,14,8,0.0,0.0,8.618010893414414,0,0.0,2
2577,17.851593993501286,17.851593993501286,29,29,0,0,0,0,29,15,0.0,0.0,17.851593993501286,0,0.0,2
303,18.964908283109004,19.891834396652943,40.92,42.92,0.0,0,9.0,9,31.92,16,4.171167510947728,0.0,14.793740772161277,2.0,0.9269261135439396,3
3142,25.59242999494817,27.909745278808018,55.22,60.22,20.0,20,11.0,10,24.22,12,5.098093624491668,9.269261135439397,11.225075235017108,5.0,2.317315283859849,3
3314,32.28483653473541,34.60215181859526,69.66,74.66,10.0,10,23.0,12,36.66,18,10.659650305755305,4.634630567719698,16.990555661260412,5.0,2.317315283859849,3
3340,11.080299720104247,12.311444133449164,18,20,0,0,0,0,18,10,0.0,0.0,11.080299720104247,2,1.2311444133449163,2
3515,16.907132311041458,16.907132311041458,36.480000000000004,36.480000000000004,10.0,10,3.0,3,23.48,14,1.3903891703159095,4.634630567719698,10.882112573005852,0.0,0.0,3
3637,24.646965359133354,24.646965359133354,53.18,53.18,0.0,0,22.0,12,31.18,14,10.196187248983335,0.0,14.450778110150019,0.0,0.0,3
41,19.082738406846204,19.082738406846204,31,31,0,0,11,7,20,12,6.771294273397039,0.0,12.311444133449163,0,0.0,2
4128,14.158160753466538,15.389305166811454,23,25,0,0,0,0,23,14,0.0,0.0,14.158160753466538,2,1.2311444133449163,2
4281,5.540149860052123,6.77129427339704,9,11,0,0,0,0,9,5,0.0,0.0,5.540149860052123,2,1.2311444133449163,2
4347,11.695871926776706,12.927016340121622,19,21,0,0,0,0,19,15,0.0,0.0,11.695871926776706,2,1.2311444133449163,2
555,31.39418254029537,31.39418254029537,51,51,0,0,18,13,33,17,11.080299720104247,0.0,20.313882820191118,0,0.0,2
56,52.84869236370771,52.84869236370771,114.03,114.03,40.0,30,31.96,16,42.07,20,14.812279294432155,18.538522270878794,19.49789079839677,0.0,0.0,3
613,8.618010893414414,11.695871926776706,14,19,0,0,0,0,14,9,0.0,0.0,8.618010893414414,5,3.0778610333622907,2
75,20.285777994909115,21.212704108453053,43.769999999999996,45.769999999999996,0.0,0,15.33,12,28.439999999999998,18,7.104888660314297,0.0,13.18088933459482,2.0,0.9269261135439396,3
752,9.233583100086873,9.233583100086873,15,15,0,0,0,0,15,11,0.0,0.0,9.233583100086872,0,0.0,2
869,22.20914968051279,26.84378024823249,47.92,57.92,0.0,0,13.74,13,34.18,20,6.367982400046865,0.0,15.841167280465928,10.0,4.634630567719698,3
103,57.86378742721107,62.172792873918276,94,101,30,20,31,16,33,19,19.082738406846204,18.467166200173743,20.313882820191118,7,4.309005446707207,2
1257,16.62044958015637,16.62044958015637,27,27,0,0,8,8,19,10,4.924577653379665,0.0,11.695871926776706,0,0.0,2
1923,22.329650075273502,23.256576188817444,48.18,50.18,0.0,0,17.0,11,31.18,16,7.878871965123487,0.0,14.450778110150019,2.0,0.9269261135439396,3
204,22.160599440208493,22.160599440208493,36,36,0,0,9,9,27,15,5.540149860052123,0.0,16.62044958015637,0,0.0,2
222,58.83663505720156,63.47126562492126,126.95,136.95,53.7,30,32.07,14,41.18,18,14.863260230677072,24.88796614865478,19.085408677869715,10.0,4.634630567719698,3
25,57.905074313089905,57.905074313089905,124.94,124.94,41.1,30,35.92,16,47.92,22,16.647592999249156,19.048331633327958,22.209149680512795,0.0,0.0,3
2600,12.927016340121622,12.927016340121622,21,21,0,0,0,0,21,11,0.0,0.0,12.927016340121622,0,0.0,2
3929,29.986059773146447,29.986059773146447,64.7,64.7,30.0,30,13.0,10,21.7,12,6.025019738035607,13.903891703159093,10.057148331951744,0.0,0.0,3
4035,9.84915530675933,11.080299720104247,16,18,0,0,0,0,16,10,0.0,0.0,9.84915530675933,2,1.2311444133449163,2
4285,11.695871926776706,12.927016340121622,19,21,0,0,0,0,19,11,0.0,0.0,11.695871926776706,2,1.2311444133449163,2
4361,10.46472751343179,11.695871926776706,17,19,0,0,0,0,17,9,0.0,0.0,10.46472751343179,2,1.2311444133449163,2
714,21.64372475125099,25.230928810666036,46.7,54.440000000000005,0.0,0,19.0,10,27.7,12,8.805798078667426,0.0,12.837926672583563,7.74,3.5872040594150465,3
896,10.0,10.0,10,10,0,0,0,0,10,10,0.0,0.0,10.0,0,0.0,1
1391,27.77070636177643,30.088021645636278,59.92,64.92,20.0,20,9.0,9,30.92,16,4.171167510947728,9.269261135439397,14.330277715389308,5.0,2.317315283859849,3
1640,35.13049970331531,35.13049970331531,75.8,75.8,41.1,30,6.37,5,28.33,13,2.9522596716374476,19.048331633327958,13.129908398349905,0.0,0.0,3
1647,24.304002697122094,26.621317980981942,52.44,57.44,0.0,0,18.0,12,34.44,17,8.342335021895456,0.0,15.96166767522664,5.0,2.317315283859849,3
1712,17.129594578292004,17.129594578292004,36.96,36.96,0.0,0,11.0,10,25.96,12,5.098093624491668,0.0,12.031500953800336,0.0,0.0,3
1807,10.46472751343179,10.46472751343179,17,17,0,0,0,0,17,11,0.0,0.0,10.46472751343179,0,0.0,2
2180,44.038259654472576,48.67289022219227,95.02000000000001,105.02000000000001,37.4,20,21.7,15,35.92,18,10.057148331951744,17.33351832327167,16.647592999249156,10.0,4.634630567719698,3
2191,29.547465920277993,29.547465920277993,48,48,20,20,9,9,19,10,5.540149860052123,12.311444133449163,11.695871926776706,0,0.0,2
2495,9.84915530675933,9.84915530675933,16,16,0,0,0,0,16,8,0.0,0.0,9.84915530675933,0,0.0,2
2559,31.153986676211808,31.153986676211808,67.22,67.22,40.0,30,5.0,4,22.22,10,2.317315283859849,18.538522270878794,10.298149121473168,0.0,0.0,3
2590,50.44331909906119,54.030523158476235,108.84,116.58,40.0,30,34.55,15,34.29,17,16.012648611471555,18.538522270878794,15.892148216710844,7.74,3.5872040594150465,3
2607,26.27835531897069,28.595670602830538,56.7,61.7,10.0,10,18.0,13,28.7,14,8.342335021895456,4.634630567719698,13.301389729355533,5.0,2.317315283859849,3
272,28.984979570518988,28.984979570518988,62.54,62.54,3.7,10,25.439999999999998,12,33.4,20,11.79050016427891,1.7148133100562883,15.479666096183792,0.0,0.0,3
2729,25.573891472677293,30.088021645636278,55.18,64.92,0.0,0,19.0,12,36.18,16,8.805798078667426,0.0,16.768093394009867,9.74,4.514130172958986,3
293,14.158160753466538,14.158160753466538,23,23,0,0,7,7,16,8,4.309005446707207,0.0,9.84915530675933,0,0.0,2
304,6.155722066724582,6.155722066724582,10,10,0,0,0,0,10,6,0.0,0.0,6.155722066724581,0,0.0,2
3151,9.84915530675933,11.080299720104247,16,18,0,0,0,0,16,8,0.0,0.0,9.84915530675933,2,1.2311444133449163,2
316,22.811651654316353,25.1289669381762,49.22,54.22,0.0,0,19.0,11,30.22,14,8.805798078667426,0.0,14.005853575648928,5.0,2.317315283859849,3
3167,13.54258854679408,13.54258854679408,22,22,0,0,0,0,22,12,0.0,0.0,13.542588546794079,0,0.0,2
321,16.00487737348391,16.00487737348391,26,26,0,0,0,0,26,14,0.0,0.0,16.00487737348391,0,0.0,2
3607,9.84915530675933,9.84915530675933,16,16,0,0,0,0,16,9,0.0,0.0,9.84915530675933,0,0.0,2
365,52.22765186763328,57.71968909038112,112.69000000000001,124.54,43.7,30,33.07,15,35.92,16,15.326723287449042,20.253335580935083,16.647592999249156,11.85,5.492037222747842,3
3974,26.6352218726851,31.02885165088338,57.47,66.95,10.0,10,12.809999999999999,13,34.66,18,5.936961757248933,4.634630567719698,16.06362954771647,9.48,4.393629778198274,3
423,24.767465753894065,25.624872408922208,53.44,55.29,10.0,10,15.0,10,28.439999999999998,12,6.951945851579547,4.634630567719698,13.18088933459482,1.85,0.8574066550281442,3
433,18.86294641061917,18.86294641061917,40.7,40.7,0.0,0,11.0,11,29.7,18,5.098093624491668,0.0,13.764852786127502,0.0,0.0,3
484,23.631981264802736,25.949296548662584,50.989999999999995,55.989999999999995,0.0,0,20.33,10,30.66,18,9.422203944174145,0.0,14.209777320628595,5.0,2.317315283859849,3
816,28.646651539075453,28.646651539075453,61.81,61.81,30.0,30,8.11,4,23.7,12,3.7586853904206747,13.903891703159093,10.984074445495684,0.0,0.0,3
87,24.007316060225868,24.007316060225868,39,39,0,0,12,12,27,16,7.386866480069498,0.0,16.62044958015637,0,0.0,2
1,18.467166200173747,19.69831061351866,30,32,0,0,10,10,20,10,6.155722066724581,0.0,12.311444133449163,2,1.2311444133449163,2
1188,9.84915530675933,9.84915530675933,16,16,0,0,0,0,16,10,0.0,0.0,9.84915530675933,0,0.0,2
1250,28.734709519862125,28.734709519862125,62,62,10,10,13,13,39,17,6.025019738035607,4.634630567719698,18.075059214106822,0,0.0,3
3398,6.155722066724582,9.233583100086873,10,15,0,0,0,0,10,8,0.0,0.0,6.155722066724581,5,3.0778610333622907,2
3548,23.39174385355341,23.39174385355341,38,38,0,0,12,12,26,14,7.386866480069498,0.0,16.00487737348391,0,0.0,2
3657,22.160599440208493,22.160599440208493,36,36,0,0,9,9,27,14,5.540149860052123,0.0,16.62044958015637,0,0.0,2
3667,27.08517709358816,28.316321506933075,44,46,0,0,17,9,27,15,10.46472751343179,0.0,16.62044958015637,2,1.2311444133449163,2
4044,9.84915530675933,14.773732960138997,16,24,0,0,0,0,16,8,0.0,0.0,9.84915530675933,8,4.924577653379665,2
4384,19.69831061351866,19.69831061351866,32,32,0,0,13,9,19,10,8.002438686741955,0.0,11.695871926776706,0,0.0,2
4395,9.84915530675933,9.84915530675933,16,16,0,0,0,0,16,10,0.0,0.0,9.84915530675933,0,0.0,2
1998,11.080299720104247,11.080299720104247,18,18,0,0,0,0,18,10,0.0,0.0,11.080299720104247,0,0.0,2
2612,12.311444133449164,12.311444133449164,20,20,0,0,0,0,20,12,0.0,0.0,12.311444133449163,0,0.0,2
2619,25.238460473570786,26.4696048869157,41,43,0,0,15,9,26,14,9.233583100086872,0.0,16.00487737348391,2,1.2311444133449163,2
3414,22.246226725054548,22.246226725054548,48,48,0,0,11,11,37,16,5.098093624491668,0.0,17.148133100562884,0,0.0,3
3542,15.389305166811454,17.851593993501286,25,29,0,0,0,0,25,15,0.0,0.0,15.389305166811454,4,2.4622888266898326,2
3655,21.545027233536036,21.545027233536036,35,35,0,0,11,11,24,14,6.771294273397039,0.0,14.773732960138997,0,0.0,2
3770,11.080299720104247,12.311444133449164,18,20,0,0,4,4,14,12,2.4622888266898326,0.0,8.618010893414414,2,1.2311444133449163,2
4216,11.080299720104247,12.311444133449164,18,20,0,0,0,0,18,12,0.0,0.0,11.080299720104247,2,1.2311444133449163,2
4390,20.31388282019112,21.545027233536036,33,35,0,0,12,12,21,12,7.386866480069498,0.0,12.927016340121622,2,1.2311444133449163,2
4405,12.311444133449164,12.311444133449164,20,20,0,0,3,3,17,11,1.8467166200173746,0.0,10.46472751343179,0,0.0,2
470,22.160599440208493,23.39174385355341,36,38,10,10,0,0,26,16,0.0,6.155722066724581,16.00487737348391,2,1.2311444133449163,2
68,24.62288826689833,27.700749300260618,40,45,0,0,17,10,23,16,10.46472751343179,0.0,14.158160753466538,5,3.0778610333622907,2
1218,69.30626550968037,74.79830273242821,149.54000000000002,161.39000000000001,67.4,30,35.7,16,46.44,22,16.545631126759325,31.23741002643077,21.523224356490278,11.85,5.492037222747842,3
2234,21.54176287876116,21.54176287876116,46.480000000000004,46.480000000000004,0.0,0,23.0,12,23.48,12,10.659650305755305,0.0,10.882112573005852,0.0,0.0,3
225,29.059133659602505,29.059133659602505,62.7,62.7,10.0,10,20.0,12,32.7,18,9.269261135439397,4.634630567719698,15.155241956443414,0.0,0.0,3
341,74.22824317259868,79.25681733857455,160.16,171.01,71.1,30,37.92,16,51.14,23,17.574519112793094,32.95222333648705,23.701500723318535,10.85,5.028574165975872,3
357,43.68139310075815,45.87820798985729,94.25,98.99,20.0,20,32.18,14,42.07,20,14.914241166921988,9.269261135439397,19.49789079839677,4.74,2.196814889099137,3
4342,31.376448943462353,34.62069034086614,67.7,74.7,20.0,20,20.0,14,27.7,18,9.269261135439397,9.269261135439397,12.837926672583563,7.0,3.2442413974037887,3
486,42.272465408171364,44.58978069203121,91.21,96.21,20.0,10,35.55,15,35.66,18,16.476111668243526,9.269261135439397,16.52709260448844,5.0,2.317315283859849,3
708,28.66519006134633,31.376448943462353,61.85,67.7,20.0,20,16.0,13,25.85,18,7.415408908351517,9.269261135439397,11.98052001755542,5.85,2.7112588821160233,3
834,36.06206044742697,36.06206044742697,77.81,77.81,20.0,10,25.0,13,32.81,14,11.586576419299245,9.269261135439397,15.20622289268833,0.0,0.0,3
1495,9.84915530675933,9.84915530675933,16,16,0,0,0,0,16,8,0.0,0.0,9.84915530675933,0,0.0,2
1791,13.54258854679408,13.54258854679408,22,22,0,0,0,0,22,12,0.0,0.0,13.542588546794079,0,0.0,2
2229,16.62044958015637,16.62044958015637,27,27,10,10,2,2,15,9,1.2311444133449163,6.155722066724581,9.233583100086872,0,0.0,2
2539,18.467166200173747,18.467166200173747,30,30,0,0,9,9,21,12,5.540149860052123,0.0,12.927016340121622,0,0.0,2
3123,7.386866480069498,10.46472751343179,12,17,0,0,0,0,12,8,0.0,0.0,7.386866480069498,5,3.0778610333622907,2
4373,19.69831061351866,20.92945502686358,32,34,0,0,9,9,23,13,5.540149860052123,0.0,14.158160753466538,2,1.2311444133449163,2
709,21.545027233536036,22.776171646880954,35,37,10,10,4,4,21,13,2.4622888266898326,6.155722066724581,12.927016340121622,2,1.2311444133449163,2
3553,8.0,8.0,8,8,0,0,0,0,8,8,0.0,0.0,8.0,0,0.0,1
3604,17.23602178682883,17.23602178682883,28,28,0,0,12,12,16,10,7.386866480069498,0.0,9.84915530675933,0,0.0,2
3641,27.700749300260618,32.00975474696782,45,52,0,0,20,15,25,16,12.311444133449163,0.0,15.389305166811454,7,4.309005446707207,2
3668,13.54258854679408,13.54258854679408,22,22,0,0,8,8,14,8,4.924577653379665,0.0,8.618010893414414,0,0.0,2
3707,17.23602178682883,17.23602178682883,28,28,0,0,0,0,28,14,0.0,0.0,17.23602178682883,0,0.0,2
3768,8.618010893414414,8.618010893414414,14,14,0,0,0,0,14,10,0.0,0.0,8.618010893414414,0,0.0,2
3773,11.080299720104247,11.080299720104247,18,18,0,0,0,0,18,12,0.0,0.0,11.080299720104247,0,0.0,2
